val_loss,epoch,step,train_loss
4989.05322265625,0,687,
,0,687,7.5679192543029785
