val_loss,epoch,step,train_loss
3.1103358268737793,0,171,
,0,171,2.5986366271972656
2.90968918800354,1,343,
,1,343,2.181025743484497
2.6464500427246094,2,515,
,2,515,2.0785088539123535
