val_loss,epoch,step,train_loss
731.0265502929688,0,917,
,0,917,6.887077808380127
785.0343017578125,1,1835,
,1,1835,1.911043405532837
417.7619323730469,2,2753,
,2,2753,1.8771287202835083
