val_loss,epoch,step,train_loss
731.0265502929688,0,917,
,0,917,6.887077808380127
